Date,Time,Type,Name/Source,Amount,Category
2026-09-29,12:37 PM,expense,"Surbhi Photocopy and Stationery",45,Stationery
2026-09-29,8:28 AM,expense,"AIRTEL PAYMENTS BANK LIMITED",349,Mobile Recharge
2026-09-29,8:23 AM,income,"Maa Idea",500,Miscellaneous
2026-09-28,9:50 PM,expense,"Google Asia Pacific Pte.Ltd",15,Miscellaneous
2026-09-28,9:49 PM,income,"Isha  Sahu",5,Miscellaneous
2026-09-27,7:41 PM,expense,"SURENDRA DEWANGAN",20,Miscellaneous
2026-09-27,7:31 PM,expense,"PINU KIRANA AND GENERAL STORE",20,Mess/Food
2026-09-27,3:06 PM,expense,"Indian Institute of Technology",4000,College Fees
2026-09-27,3:06 PM,income,"Maa Idea",4050,Miscellaneous
2026-09-27,9:24 AM,expense,"Mobile recharged 9431732369",39,Mobile Recharge
2026-09-27,9:23 AM,income,"Kushagra",5,Miscellaneous
2026-09-27,8:27 AM,income,"******9258",10,Miscellaneous
2026-09-27,2:32 AM,expense,"FLIPKART PAYMENTS",64,Shopping
2026-09-26,7:30 PM,expense,"saniiaa",20,Miscellaneous
2026-09-26,6:38 PM,expense,"PINKI DEVI",80,Miscellaneous
2026-09-26,6:12 PM,expense,"MASHROOME",40,Miscellaneous
2026-09-26,6:10 PM,expense,"Nain Sabji Dukan",30,Miscellaneous
2026-09-26,6:09 PM,expense,"MALTI  PANDEY",30,Miscellaneous
2026-09-26,6:02 PM,expense,"PUTUL DEVI",60,Miscellaneous
2026-09-26,4:29 PM,income,"Maa Idea",1000,Miscellaneous
2026-09-26,3:49 PM,expense,"Mobile recharged 9431732369",157,Mobile Recharge
2026-09-26,3:43 PM,expense,"KESHARI MAHESHWARI",35,Miscellaneous
2026-09-26,2:40 PM,expense,"Ashu",40,Miscellaneous
2026-09-24,2:03 PM,expense,"Mrs  Vibha  Kumari",40,Miscellaneous
2026-09-24,1:58 PM,expense,"NEXT G MART OPC PRIVATE LIMITED",92,Mess/Food
2026-09-23,5:30 PM,expense,"Shourabh Pandey",40,Miscellaneous
2026-09-23,4:49 PM,expense,"Ishwar Metal",600,Miscellaneous
2026-09-23,4:49 PM,income,"Maa Idea",500,Miscellaneous
2026-09-23,4:46 PM,income,"Maa Idea",300,Miscellaneous
2026-09-23,4:24 PM,expense,"PINU KIRANA AND GENERAL STORE",100,Mess/Food
2026-09-23,12:32 PM,expense,"G S FOOD SERVICES",70,Mess/Food
2026-09-22,11:58 AM,expense,"MAHESHWAR SAHU",290,Miscellaneous
2026-09-21,3:36 PM,expense,"Phalad Sahu",700,Miscellaneous
2026-09-21,2:43 PM,income,"Maa Idea",1000,Miscellaneous
2026-09-21,2:09 PM,expense,"DEEVI SWEETS AND RESTAURANT",190,Miscellaneous
2026-09-21,11:35 AM,income,"Maa Idea",1000,Miscellaneous
2026-09-21,11:22 AM,expense,"Satyam stationary&smart printing",40,Mess/Food
2026-09-21,8:44 AM,expense,"SHASHWAT FUELS",200,Miscellaneous
2026-09-19,5:10 PM,expense,"Manas Ssipmt",150,Miscellaneous
2026-09-18,8:21 PM,expense,"Manas Ssipmt",85,Miscellaneous
2026-09-18,4:07 PM,expense,"PINU KIRANA AND GENERAL STORE",30,Mess/Food
2026-09-18,3:55 PM,expense,"Satyam stationary&smart printing",21,Mess/Food
2026-09-17,8:16 PM,income,"******9258",40,Miscellaneous
2026-09-17,3:48 PM,expense,"PINU KIRANA AND GENERAL STORE",50,Mess/Food
2026-09-16,6:17 PM,expense,"PINU KIRANA AND GENERAL STORE",58,Mess/Food
2026-09-16,6:09 PM,expense,"TAKESHWAR  SAHOO",25,Miscellaneous
2026-09-16,1:02 PM,expense,"Satyam stationary&smart printing",83,Mess/Food
2026-09-15,7:09 PM,expense,"PINU KIRANA AND GENERAL STORE",15,Mess/Food
2026-09-15,7:08 PM,expense,"PINU KIRANA AND GENERAL STORE",62,Mess/Food
2026-09-14,9:06 PM,expense,"JIO",349,Mobile Recharge
2026-09-14,8:23 PM,expense,"SANTOSH KUMAR CHELAK",40,Miscellaneous
2026-09-14,7:51 PM,expense,"Mrs  Vibha  Kumari",20,Miscellaneous
2026-09-14,7:39 PM,expense,"SURENDRA KUMAR BHARTI S O NAIN DAS BHARTI",30,Miscellaneous
2026-09-14,7:32 PM,expense,"CHANDRA SHEKHAR PATEL S O HULAS PATEL",25,Miscellaneous
2026-09-14,5:16 PM,income,"Refund from  IRCTC Rail APP",310.72,Miscellaneous
2026-09-14,4:06 PM,income,"Maa Idea",2000,Miscellaneous
2026-09-13,2:04 PM,expense,"GAURISHANKAR  SEN",150,Miscellaneous
2026-09-13,11:49 AM,expense,"Google Asia Pacific Pte.Ltd",29,Miscellaneous
2026-09-12,11:08 AM,expense,"Sai Egg and Chicken Traders",20,Miscellaneous
2026-09-12,11:06 AM,expense,"Sai Egg and Chicken Traders",150,Miscellaneous
2026-09-12,11:06 AM,expense,"Sai Egg and Chicken Traders",150,Miscellaneous
2026-09-12,11:02 AM,expense,"PRABHA BAI NISHAD",65,Miscellaneous
2026-09-12,10:57 AM,income,"Maa Idea",700,Miscellaneous
2026-09-12,10:50 AM,expense,"PINU KIRANA AND GENERAL STORE",10,Mess/Food
2026-09-11,4:24 PM,expense,"BIRENDRA KUMAR SINHA SO SHRI UDERA",20,Miscellaneous
2026-09-10,2:57 PM,expense,"G S FOOD SERVICES",40,Mess/Food
2026-09-10,12:55 PM,expense,"BIRENDRA KUMAR SINHA SO SHRI UDERA",50,Miscellaneous
2026-09-10,12:47 PM,income,"Maa Idea",200,Miscellaneous
2026-09-09,3:15 PM,expense,"SUPRIYA SHIL",30,Miscellaneous
2026-09-09,12:14 PM,expense,"PINU KIRANA AND GENERAL STORE",177,Mess/Food
2026-09-08,2:51 PM,expense,"Satyam stationary&smart printing",60,Mess/Food
2026-09-08,8:37 AM,expense,"PINU KIRANA AND GENERAL STORE",20,Mess/Food
2026-09-07,7:36 PM,expense,"Isha  Sahu",158,Miscellaneous
2026-09-07,3:52 PM,expense,"PINU KIRANA AND GENERAL STORE",40,Mess/Food
2026-09-07,3:32 PM,expense,"G S FOOD SERVICES",50,Mess/Food
2026-09-06,7:57 PM,expense,"saniiaa",40,Miscellaneous
2026-09-06,7:23 PM,expense,"TAKESHWAR  SAHOO",25,Miscellaneous
2026-09-06,6:24 PM,income,"Maa Idea",500,Miscellaneous
2026-09-06,6:24 PM,expense,"KESHARI MAHESHWARI",15,Miscellaneous
2026-09-06,6:22 PM,income,"Mr BANKIM CHAKRABORTY",100,Miscellaneous
2026-09-06,12:10 PM,expense,"Airtel",380,Mobile Recharge
2026-09-06,12:09 PM,expense,"Mobile recharged 9031675131",203,Mobile Recharge
2026-09-06,12:08 PM,income,"Maa Idea",500,Miscellaneous
2026-09-06,12:05 PM,expense,"Mobile recharged 9431974991",157,Mobile Recharge
2026-09-05,8:20 PM,income,"saniiaa",40,Miscellaneous
2026-09-05,8:03 PM,expense,"PINU KIRANA AND GENERAL STORE",45,Mess/Food
2026-09-05,4:09 PM,expense,"PINU KIRANA AND GENERAL STORE",172,Mess/Food
2026-09-05,1:36 PM,expense,"Isha Classmate",115,Miscellaneous
2026-09-05,1:33 PM,income,"Maa Idea",500,Miscellaneous
2026-09-04,1:29 PM,expense,"KESHARI MAHESHWARI",10,Miscellaneous
2026-09-03,6:35 PM,expense,"Mobile recharged 9431732369",19,Mobile Recharge
2026-09-03,4:06 PM,expense,"Shourabh Pandey",80,Miscellaneous
2026-09-02,11:51 AM,expense,"Gs food sarvice",70,Mess/Food
2026-09-02,1:14 AM,income,"saniiaa",25,Miscellaneous
2026-09-01,9:42 PM,expense,"Yash Ssipmt",340,Miscellaneous
2026-09-01,6:24 PM,expense,"Kunal Bhiya",140,Miscellaneous
2026-09-01,5:19 PM,expense,"Phalad Sahu",2000,Miscellaneous
2026-09-01,5:11 PM,expense,"PINU KIRANA AND GENERAL STORE",76,Mess/Food
2026-09-01,5:04 PM,expense,"TAKESHWAR  SAHOO",50,Miscellaneous
2026-09-01,12:51 PM,expense,"Satyam stationary&smart printing",20,Mess/Food
2026-09-01,12:46 PM,expense,"airtel",349,Mobile Recharge
2026-09-01,12:40 PM,income,"Maa Idea",3000,Miscellaneous