Transaction Statement for 9031269629,,,,,,,
Duration,"01 Sept, 2026 - 30 Sept, 2026",,,,,,
,,,,,,,
Date,Time,Transaction Details,Transaction ID,UTR,Transaction Type,Credit/debit instrument,Amount
"Sept 29, 2026",12:37 PM,Paid to Surbhi Photocopy and Stationery,T2609291237170663861389,906335404142,DEBIT,Paid by XXXXXXXXXXX8180,45
"Sept 29, 2026",8:28 AM,Paid to AIRTEL PAYMENTS BANK LIMITED,T2609290828239542789848,754618213541,DEBIT,Paid by XXXXXXXXXXX8180,349
"Sept 29, 2026",8:23 AM,Received from Maa Idea,T2609290823290209528636,81966893306,CREDIT,Credited to XXXXXXXXXXX8180,500
"Sept 28, 2026",9:50 PM,Paid to Google Asia Pacific Pte.Ltd,T2609282150312761522772,806880401482,DEBIT,Paid by XXXXXXXXXXX8180,15
"Sept 28, 2026",9:49 PM,Received from Isha  Sahu,T2609282149510494703539,214950940776,CREDIT,Credited to XXXXXXXXXXX8180,5
"Sept 27, 2026",7:41 PM,Paid to SURENDRA DEWANGAN,T2609271941311319704562,141992226026,DEBIT,Paid by XXXXXXXXXXX8180,20
"Sept 27, 2026",7:31 PM,Paid to PINU KIRANA AND GENERAL STORE,T2609271931551832277946,369093953729,DEBIT,Paid by XXXXXXXXXXX8180,20
"Sept 27, 2026",3:06 PM,Paid to Indian Institute of Technology,T2609271506447311783822,705067302694,DEBIT,Paid by XXXXXXXXXXX8180,4000
"Sept 27, 2026",3:06 PM,Received from Maa Idea,T2609271506048165413072,891443874525,CREDIT,Credited to XXXXXXXXXXX8180,4050
"Sept 27, 2026",9:24 AM,Mobile recharged 9431732369,NB26092709241127415159962,344651998988,DEBIT,Paid by XXXXXXXXXXX8180,39
"Sept 27, 2026",9:23 AM,Received from Kushagra,T2609270923476451334604,701399057119,CREDIT,Credited to XXXXXXXXXXX8180,5
"Sept 27, 2026",8:27 AM,Received from ******9258,T2609270827362176315201,137144491575,CREDIT,Credited to XXXXXXXXXXX8180,10
"Sept 27, 2026",2:32 AM,Paid to FLIPKART PAYMENTS,T2609270232302221901440,183928968703,DEBIT,Paid by XXXXXXXXXXX8180,64
"Sept 26, 2026",7:30 PM,Paid to saniiaa,T2609261930308310629455,183985362020,DEBIT,Paid by XXXXXXXXXXX8180,20
"Sept 26, 2026",6:38 PM,Paid to PINKI DEVI,T2609261838552972255656,229726356527,DEBIT,Paid by XXXXXXXXXXX8180,80
"Sept 26, 2026",6:12 PM,Paid to MASHROOME,T2609261812555612134808,712320346917,DEBIT,Paid by XXXXXXXXXXX8180,40
"Sept 26, 2026",6:10 PM,Paid to Nain Sabji Dukan,T2609261810268285906974,937845815440,DEBIT,Paid by XXXXXXXXXXX8180,30
"Sept 26, 2026",6:09 PM,Paid to MALTI  PANDEY,T2609261809038371901491,778400025880,DEBIT,Paid by XXXXXXXXXXX8180,30
"Sept 26, 2026",6:02 PM,Paid to PUTUL DEVI,T2609261802022156961340,837579355605,DEBIT,Paid by XXXXXXXXXXX8180,60
"Sept 26, 2026",4:29 PM,Received from Maa Idea,T2609261629514552911975,393572668028,CREDIT,Credited to XXXXXXXXXXX8180,1000
"Sept 26, 2026",3:49 PM,Mobile recharged 9431732369,NB26092615491145870844182,703948405396,DEBIT,Paid by XXXXXXXXXXX8180,157
"Sept 26, 2026",3:43 PM,Paid to KESHARI MAHESHWARI,T2609261543357616962712,405574142988,DEBIT,Paid by XXXXXXXXXXX8180,35
"Sept 26, 2026",2:40 PM,Paid to Ashu,T2609261440423760769488,529838990234,DEBIT,Paid by XXXXXXXXXXX8180,40
"Sept 24, 2026",2:03 PM,Paid to Mrs  Vibha  Kumari,T2609241403167190416273,645096265955,DEBIT,Paid by XXXXXXXXXXX8180,40
"Sept 24, 2026",1:58 PM,Paid to NEXT G MART OPC PRIVATE LIMITED,T2609241358488740786468,373136274378,DEBIT,Paid by XXXXXXXXXXX8180,92
"Sept 23, 2026",5:30 PM,Paid to Shourabh Pandey,T2609231730072915342397,881005384775,DEBIT,Paid by XXXXXXXXXXX8180,40
"Sept 23, 2026",4:49 PM,Paid to Ishwar Metal,T2609231649309768518153,874206943784,DEBIT,Paid by XXXXXXXXXXX8180,600
"Sept 23, 2026",4:49 PM,Received from Maa Idea,T2609231649117331832056,512666688675,CREDIT,Credited to XXXXXXXXXXX8180,500
"Sept 23, 2026",4:46 PM,Received from Maa Idea,T2609231646443965111434,596125489958,CREDIT,Credited to XXXXXXXXXXX8180,300
"Sept 23, 2026",4:24 PM,Paid to PINU KIRANA AND GENERAL STORE,T2609231624339786527615,779027642107,DEBIT,Paid by XXXXXXXXXXX8180,100
"Sept 23, 2026",12:32 PM,Paid to G S FOOD SERVICES,T2609231232109554334352,179053661804,DEBIT,Paid by XXXXXXXXXXX8180,70
"Sept 22, 2026",11:58 AM,Paid to MAHESHWAR SAHU,T2609221158359381447175,917271888980,DEBIT,Paid by XXXXXXXXXXX8180,290
"Sept 21, 2026",3:36 PM,Paid to Phalad Sahu,T2609211536185196959873,967797464582,DEBIT,Paid by XXXXXXXXXXX8180,700
"Sept 21, 2026",2:43 PM,Received from Maa Idea,T2609211443511483015107,263095933145,CREDIT,Credited to XXXXXXXXXXX8180,1000
"Sept 21, 2026",2:09 PM,Paid to DEEVI SWEETS AND RESTAURANT,T2609211409259759914319,762373030337,DEBIT,Paid by XXXXXXXXXXX8180,190
"Sept 21, 2026",11:35 AM,Received from Maa Idea,T2609211135383785195592,294721410421,CREDIT,Credited to XXXXXXXXXXX8180,1000
"Sept 21, 2026",11:22 AM,Paid to Satyam stationary&smart printing ,T2609211122344661416086,531027337462,DEBIT,Paid by XXXXXXXXXXX8180,40
"Sept 21, 2026",8:44 AM,Paid to SHASHWAT FUELS,T2609210844448939889439,885994494255,DEBIT,Paid by XXXXXXXXXXX8180,200
"Sept 19, 2026",5:10 PM,Paid to Manas Ssipmt,T2609191710071198089082,182589072704,DEBIT,Paid by XXXXXXXXXXX8180,150
"Sept 18, 2026",8:21 PM,Paid to Manas Ssipmt,T2609182021247768071825,174127881929,DEBIT,Paid by XXXXXXXXXXX8180,85
"Sept 18, 2026",4:07 PM,Paid to PINU KIRANA AND GENERAL STORE,T2609181607272097990241,866130341919,DEBIT,Paid by XXXXXXXXXXX8180,30
"Sept 18, 2026",3:55 PM,Paid to Satyam stationary&smart printing ,T2609181555570449460950,409175868488,DEBIT,Paid by XXXXXXXXXXX8180,21
"Sept 17, 2026",8:16 PM,Received from ******9258,T2609172016212626925626,582180654929,CREDIT,Credited to XXXXXXXXXXX8180,40
"Sept 17, 2026",3:48 PM,Paid to PINU KIRANA AND GENERAL STORE,T2609171548258778258385,456055552935,DEBIT,Paid by XXXXXXXXXXX8180,50
"Sept 16, 2026",6:17 PM,Paid to PINU KIRANA AND GENERAL STORE,T2609161817393210774779,981351507250,DEBIT,Paid by XXXXXXXXXXX8180,58
"Sept 16, 2026",6:09 PM,Paid to TAKESHWAR  SAHOO,T2609161809474475828960,642129194381,DEBIT,Paid by XXXXXXXXXXX8180,25
"Sept 16, 2026",1:02 PM,Paid to Satyam stationary&smart printing ,T2609161302564597170955,915442483959,DEBIT,Paid by XXXXXXXXXXX8180,83
"Sept 15, 2026",7:09 PM,Paid to PINU KIRANA AND GENERAL STORE,T2609151909338190456444,799849668103,DEBIT,Paid by XXXXXXXXXXX8180,15
"Sept 15, 2026",7:08 PM,Paid to PINU KIRANA AND GENERAL STORE,T2609151908353116542818,799270860007,DEBIT,Paid by XXXXXXXXXXX8180,62
"Sept 14, 2026",9:06 PM,Paid to JIO,T2609142106460330880141,828068609096,DEBIT,Paid by XXXXXXXXXXX8180,349
"Sept 14, 2026",8:23 PM,Paid to SANTOSH KUMAR CHELAK,T2609142023315926612549,529888394468,DEBIT,Paid by XXXXXXXXXXX8180,40
"Sept 14, 2026",7:51 PM,Paid to Mrs  Vibha  Kumari,T2609141951311572212448,539789796007,DEBIT,Paid by XXXXXXXXXXX8180,20
"Sept 14, 2026",7:39 PM,Paid to SURENDRA KUMAR BHARTI S O NAIN DAS BHARTI,T2609141939021177281617,456554454454,DEBIT,Paid by XXXXXXXXXXX8180,30
"Sept 14, 2026",7:32 PM,Paid to CHANDRA SHEKHAR PATEL S O HULAS PATEL,T2609141932503408219453,32157310263,DEBIT,Paid by XXXXXXXXXXX8180,25
"Sept 14, 2026",5:16 PM,Refund from  IRCTC Rail APP,T2609141716478989805845,833699463315,CREDIT,Credited to XXXXXXXXXXX8180,310.72
"Sept 14, 2026",4:06 PM,Received from Maa Idea,T2609141606134388833926,362160604757,CREDIT,Credited to XXXXXXXXXXX8180,2000
"Sept 13, 2026",2:04 PM,Paid to GAURISHANKAR  SEN,T2609131404434908592667,956441737342,DEBIT,Paid by XXXXXXXXXXX8180,150
"Sept 13, 2026",11:49 AM,Paid to Google Asia Pacific Pte.Ltd,T2609131149195400873198,199509913104,DEBIT,Paid by XXXXXXXXXXX8180,29
"Sept 12, 2026",11:08 AM,Paid to Sai Egg and Chicken Traders,T2609121108283697484916,256133611842,DEBIT,Paid by XXXXXXXXXXX8180,20
"Sept 12, 2026",11:06 AM,Paid to Sai Egg and Chicken Traders,T2609121106416850786668,413963811771,DEBIT,Paid by XXXXXXXXXXX8180,150
"Sept 12, 2026",11:06 AM,Paid to Sai Egg and Chicken Traders,T2609121106230811639848,781040342097,DEBIT,Paid by XXXXXXXXXXX8180,150
"Sept 12, 2026",11:02 AM,Paid to PRABHA BAI NISHAD,T2609121102326970588615,979543485515,DEBIT,Paid by XXXXXXXXXXX8180,65
"Sept 12, 2026",10:57 AM,Received from Maa Idea,T2609121057516996612275,415300904372,CREDIT,Credited to XXXXXXXXXXX8180,700
"Sept 12, 2026",10:50 AM,Paid to PINU KIRANA AND GENERAL STORE,T2609121050316301562854,597816893841,DEBIT,Paid by XXXXXXXXXXX8180,10
"Sept 11, 2026",4:24 PM,Paid to BIRENDRA KUMAR SINHA SO SHRI UDERA,T2609111624532876681449,933484700182,DEBIT,Paid by XXXXXXXXXXX8180,20
"Sept 10, 2026",2:57 PM,Paid to G S FOOD SERVICES,T2609101457210118833655,569868318038,DEBIT,Paid by XXXXXXXXXXX8180,40
"Sept 10, 2026",12:55 PM,Paid to BIRENDRA KUMAR SINHA SO SHRI UDERA,T2609101255515374530004,440681809770,DEBIT,Paid by XXXXXXXXXXX8180,50
"Sept 10, 2026",12:47 PM,Received from Maa Idea,T2609101247311216204602,940821117105,CREDIT,Credited to XXXXXXXXXXX8180,200
"Sept 09, 2026",3:15 PM,Paid to SUPRIYA SHIL,T2609091515484020812858,20550000750,DEBIT,Paid by XXXXXXXXXXX8180,30
"Sept 09, 2026",12:14 PM,Paid to PINU KIRANA AND GENERAL STORE,T2609091214381376080249,903052285061,DEBIT,Paid by XXXXXXXXXXX8180,177
"Sept 08, 2026",2:51 PM,Paid to Satyam stationary&smart printing ,T2609081451444277487367,290958158156,DEBIT,Paid by XXXXXXXXXXX8180,60
"Sept 08, 2026",8:37 AM,Paid to PINU KIRANA AND GENERAL STORE,T2609080837569633530375,501388948602,DEBIT,Paid by XXXXXXXXXXX8180,20
"Sept 07, 2026",7:36 PM,Paid to Isha  Sahu,T2609071936505576920903,978830634821,DEBIT,Paid by XXXXXXXXXXX8180,158
"Sept 07, 2026",3:52 PM,Paid to PINU KIRANA AND GENERAL STORE,T2609071552257738352484,629192080876,DEBIT,Paid by XXXXXXXXXXX8180,40
"Sept 07, 2026",3:32 PM,Paid to G S FOOD SERVICES,T2609071532525944025204,421035655239,DEBIT,Paid by XXXXXXXXXXX8180,50
"Sept 06, 2026",7:57 PM,Paid to saniiaa,T2609061957258467364549,960270394895,DEBIT,Paid by XXXXXXXXXXX8180,40
"Sept 06, 2026",7:23 PM,Paid to TAKESHWAR  SAHOO,T2609061923380126953311,328310117080,DEBIT,Paid by XXXXXXXXXXX8180,25
"Sept 06, 2026",6:24 PM,Received from Maa Idea,T2609061824209528761031,397927071376,CREDIT,Credited to XXXXXXXXXXX8180,500
"Sept 06, 2026",6:24 PM,Paid to KESHARI MAHESHWARI,T2609061824111810718859,634073219684,DEBIT,Paid by XXXXXXXXXXX8180,15
"Sept 06, 2026",6:22 PM,Received from Mr BANKIM CHAKRABORTY,T2609061822466661908718,661584838426,CREDIT,Credited to XXXXXXXXXXX8180,100
"Sept 06, 2026",12:10 PM,Paid to Airtel,T2609061210202345816564,345065301213,DEBIT,Paid by XXXXXXXXXXX8180,380
"Sept 06, 2026",12:09 PM,Mobile recharged 9031675131,NB26090612095152843003152,52189694878,DEBIT,Paid by XXXXXXXXXXX8180,203
"Sept 06, 2026",12:08 PM,Received from Maa Idea,T2609061208400823380014,633359239129,CREDIT,Credited to XXXXXXXXXXX8180,500
"Sept 06, 2026",12:05 PM,Mobile recharged 9431974991,NB26090612050302546595152,614189562228,DEBIT,Paid by XXXXXXXXXXX8180,157
"Sept 05, 2026",8:20 PM,Received from saniiaa,T2609052020283343114099,621725410520,CREDIT,Credited to XXXXXXXXXXX8180,40
"Sept 05, 2026",8:03 PM,Paid to PINU KIRANA AND GENERAL STORE,T2609052002596085512889,292412718773,DEBIT,Paid by XXXXXXXXXXX8180,45
"Sept 05, 2026",4:09 PM,Paid to PINU KIRANA AND GENERAL STORE,T2609051609235850078523,477454318916,DEBIT,Paid by XXXXXXXXXXX8180,172
"Sept 05, 2026",1:36 PM,Paid to Isha Classmate,T2609051336210698127488,874023188126,DEBIT,Paid by XXXXXXXXXXX8180,115
"Sept 05, 2026",1:33 PM,Received from Maa Idea,T2609051333353773145217,923252984947,CREDIT,Credited to XXXXXXXXXXX8180,500
"Sept 04, 2026",1:29 PM,Paid to KESHARI MAHESHWARI,T2609041329330772422104,117457852150,DEBIT,Paid by XXXXXXXXXXX8180,10
"Sept 03, 2026",6:35 PM,Mobile recharged 9431732369,NB26090318354616674490212,368759891889,DEBIT,Paid by XXXXXXXXXXX8180,19
"Sept 03, 2026",4:06 PM,Paid to Shourabh Pandey,T2609031606399791605364,4545620939,DEBIT,Paid by XXXXXXXXXXX8180,80
"Sept 02, 2026",11:51 AM,Paid to Gs food sarvice ,T2609021151230041142861,162614169267,DEBIT,Paid by XXXXXXXXXXX8180,70
"Sept 02, 2026",1:14 AM,Received from saniiaa,T2609020113574140035776,849024594974,CREDIT,Credited to XXXXXXXXXXX8180,25
"Sept 01, 2026",9:42 PM,Paid to Yash Ssipmt,T2609012141580706067339,836233917354,DEBIT,Paid by XXXXXXXXXXX8180,340
"Sept 01, 2026",6:24 PM,Paid to Kunal Bhiya,T2609011824154006434305,713374344091,DEBIT,Paid by XXXXXXXXXXX8180,140
"Sept 01, 2026",5:19 PM,Paid to Phalad Sahu,T2609011719469118062946,708646025202,DEBIT,Paid by XXXXXXXXXXX8180,2000
"Sept 01, 2026",5:11 PM,Paid to PINU KIRANA AND GENERAL STORE,T2609011711198192333861,514898821513,DEBIT,Paid by XXXXXXXXXXX8180,76
"Sept 01, 2026",5:04 PM,Paid to TAKESHWAR  SAHOO,T2609011704567400518823,289969430761,DEBIT,Paid by XXXXXXXXXXX8180,50
"Sept 01, 2026",12:51 PM,Paid to Satyam stationary&smart printing ,T2609011251432919349742,446922177867,DEBIT,Paid by XXXXXXXXXXX8180,20
"Sept 01, 2026",12:46 PM,Paid to airtel,T2609011245575946292224,425225596212,DEBIT,Paid by XXXXXXXXXXX8180,349
"Sept 01, 2026",12:40 PM,Received from Maa Idea,T2609011240134323794874,414825650328,CREDIT,Credited to XXXXXXXXXXX8180,3000
,,,,,,,
This is an automatically generated statement. Customer(s) are requested to immediately notify PhonePe in case,,,,,,,
of any errors in the statement at https://support.phonepe.com/statement and visit https://www.phonepe.com/,,,,,,,
terms-conditions/ for PhonePe Terms & Conditions and Privacy Policy.,,,,,,,
,,,,,,,
Disclaimer : Do not fall prey to fictitious offers of winning prizes,money circulation schemes and cheap funds,,,,,,
etc. through SMS,emails and calls. The contents of this email and document are confidential and intended for,,,,,,
the recipient specified in this document. If you received this message by mistake,please inform PhonePe at,,,,,,
https://support.phonepe.com/statement so that we can ensure the recipient's details are corrected.,,,,,,,